id,description
20,Combustion of fuels
21,Refining of mineral oil
22,Production of coke
23,Metal ore roasting or sintering
24,Production of pig iron or steel
25,Production or processing of ferrous metals
26,Production of primary aluminium
27,Production of secondary aluminium
28,Production or processing of non-ferrous metals
29,Production of cement clinker
30,"Production of lime, or calcination of dolomite/magnesite"
31,Manufacture of glass
32,Manufacture of ceramics
33,Manufacture of mineral wool
34,Production or processing of gypsum or plasterboard
35,Production of pulp
36,Production of paper or cardboard
37,Production of carbon black
38,Production of nitric acid
39,Production of adipic acid
40,Production of glyoxal and glyoxylic acid
41,Production of ammonia
42,Production of bulk chemicals
43,Production of hydrogen and synthesis gas
44,Production of soda ash and sodium bicarbonate
45,Capture of greenhouse gases under Directive 2009/31/EC
46,Transport of greenhouse gases under Directive 2009/31/EC
47,Storage of greenhouse gases under Directive 2009/31/EC
50,Maritime operator activities
1,Combustion installations with a rated thermal input exceeding 20 MW
2,Mineral oil refineries
3,Coke ovens
4,Metal ore (including sulphide ore) roasting or sintering installations
5,Installations for the production of pig iron or steel (primary or secondary fusion) including continuous casting
6,Installations for the production of cement clinker in rotary kilns or lime in rotary kilns or in other furnaces
7,Installations for the manufacture of glass including glass fibre
8,"Installations for the manufacture of ceramic products by firing, in particular roofing tiles, bricks, refractory bricks, tiles, stoneware or porcelain"
9,Industrial plants for the production of (a) pulp from timber or other fibrous materials (b) paper and board
10,Aircraft operator activities
99,Other activity opted-in pursuant to Article 24 of Directive 2003/87/EC
1000,EU Effort Sharing
