id,description
CER,CER - Certified Emission Reduction Unit
EUA_2013,EU General Allowances (EUA)
AEUA,EU Aviation Allowances (EUAA)
ERU,ERU - Emission Reduction Unit (Converted from an AAU)
EUA_2008,AAU - Assigned Amount Unit - Allowance issued for the 2008-2012 period and subsequent 5-year periods and is converted from an AAU
EUA2005,Allowance issued for the 2005-2007 period and not converted from an AAU or other Kyoto unit
CHUA,Swiss Aviation Allowances (CHUA)
CHU,Swiss General Allowances (CHU)
RMU,RMU - Removal Unit
ERU_RMU,ERU - Emission Reduction Unit (Converted from an RMU)
tCER,tCER - Temporary CER
AAU,AAU - Assigned Amount Unit
AEA,AEA - Annual Emissions Allocations
credit,International Credit
